Name,Purpose,Quantity,Total Cost (USD),Link,Distributor
"M6 threaded rod","making the inclination adjustable",1,4.60,"https://it.aliexpress.com/item/1005008168724880.html?spm=a2g0o.productlist.main.1.407b1a78dan9Kn&algo_pvid=5741f0d9-b67d-4d66-b3fc-48066c28b168&pdp_ext_f=%7B%22order%22%3A%229197%22%2C%22spu_best_type%22%3A%22price%22%2C%22eval%22%3A%221%22%2C%22fromPage%22%3A%22search%22%7D&utparam-url=scene%3Asearch%7Cquery_from%3A%7Cx_object_id%3A1005008168724880%7C_p_origin_prod%3A","Aliexpress"
"M6 nuts and bolts","holding the pieces together",1,8.19,"https://it.aliexpress.com/item/1005011593584495.html?pdp_ext_f=%7B%22sku_id%22%3A%2212000056008441829%22%7D&sourceType=1&spm=a2g0o.wish-manage-home.0.0&gatewayAdapt=glo2ita","Aliexpress"
"PCB","Connecting and controlling all the buttons",1,2.00,"https://jlcpcb.com","JLCPCB"
"6.5"" 350W brushless motor","Force feedback motor",1,45.00,"https://www.aliexpress.com/item/1005010742922270.html?spm=a2g0o.cart.0.0.252f18fc3qqzs7&mp=1","Vinted"
"500PR E6B2-CWZ6C","obtaining the wheel position",1,25.20,"https://www.aliexpress.com/item/1005009080411213.html?spm=a2g0o.cart.0.0.252f18fc3qqzs7&mp=1","Aliexpress"
"Odesk v4.2","Motor driver",1,46.65,"https://www.aliexpress.com/item/1005005725467528.html?spm=a2g0o.cart.0.0.252f18fc3qqzs7&mp=1","Aliexpress"
"16mm Button","Utility buttons",8,4.86,"https://www.aliexpress.com/item/1005008839427718.html?spm=a2g0o.cart.0.0.252f18fc3qqzs7&mp=1","Aliexpress"
"2GT 20T pulley","transmitting power to the encoder",1,3.25,"https://www.aliexpress.com/item/1005006217674592.html?spm=a2g0o.cart.0.0.252f18fc3qqzs7&mp=1","Aliexpress"
"Teethless 2GT 20T pulley","tensioning the belt",1,2.67,"https://www.aliexpress.com/item/1005006739452921.html?spm=a2g0o.cart.0.0.252f18fc3qqzs7&mp=1","Aliexpress"
"limit switch","paddles buttons",4,4.51,"https://www.aliexpress.com/item/32273125391.html?spm=a2g0o.cart.0.0.252f18fc3qqzs7&mp=1","Aliexpress"
"10x10x2 magnets","magnetic paddles",4,3.13,"https://www.aliexpress.com/item/1005010075198458.html?spm=a2g0o.cart.0.0.252f18fc3qqzs7&mp=1","Aliexpress"
"10-280mm 2GT belt","transmitting power to the encoder",1,1.86,"https://www.aliexpress.com/item/1005009550451001.html?spm=a2g0o.cart.0.0.252f18fc3qqzs7&mp=1","Aliexpress"
"12V 400W PSU","Powering the wheel",1,28.08,"https://www.aliexpress.com/item/1005008642209328.html?spm=a2g0o.cart.0.0.252f18fc3qqzs7&mp=1","Aliexpress"
"Arduino pro nano","Controlling the buttons interface board",1,4.18,"https://www.aliexpress.com/item/1005006438510487.html?spm=a2g0o.cart.0.0.252f18fc3qqzs7&mp=1","Aliexpress"
"XT60 Connectors","Bringing power from the PSU",1,1.58,"https://www.aliexpress.com/item/1005007356557188.html?spm=a2g0o.cart.0.0.252f18fc3qqzs7&mp=1","Aliexpress"